person_id,city,zip_code,street_address
99,South Leslie,78609,396 Ferguson Lodge
178,Lake Michael,99878,2279 Curtis Walk Suite 687
53,Briannaborough,23073,306 Cook Lock
135,Josephshire,88958,872 Salazar Green
37,West Jacobshire,18831,8304 Goodwin Lock
61,South Melissa,36493,9439 Harrison Forge
87,South Samanthaport,19219,6331 Ramirez Well
202,North Michaelport,57291,2859 Rogers Stream
162,Stacychester,94120,366 Wilson Crossing Apt. 568
78,Floresborough,90938,419 Pratt Landing Suite 941
34,New Alyssafurt,87215,746 Alan Ridges
54,East Carla,76261,95590 Carroll Coves Apt. 730
118,Port Michael,30570,4636 Mueller Locks
80,Perryfurt,67414,56918 Katherine Causeway Suite 563
85,Gatesview,42030,253 Murphy Cape Suite 540
87,Lake Joanna,19920,81726 Roth Mountains
174,Mcgeeview,31495,1126 Julia Courts Apt. 519
137,Maldonadoview,93926,773 Lopez Vista Suite 874
67,New Marissa,45704,104 Jennifer Dam
127,East Andreaview,25767,51655 Jones Way Suite 818
180,Barnetthaven,76959,0176 Jones Summit Apt. 905
5,East Alisha,89054,353 Williams Divide Suite 303
60,Sherrymouth,76782,4976 Sarah Ranch Suite 467
142,West Kristopherville,97927,9375 Robinson Ranch
163,Kristenfort,32845,11289 Smith Mount Apt. 230
60,Brandonhaven,47731,463 Rick Stream Suite 313
161,Brandonmouth,67058,554 Carter Prairie
77,West Angelaview,29945,965 Moran Burg Suite 298
116,New Kaylafurt,75000,8514 Curtis Stream
61,West Denise,74589,148 Gonzalez Extensions Suite 094
57,Jennifershire,75008,07595 Mckinney Park
109,New Jorgeport,33192,0780 John Pines Apt. 205
110,Amandastad,43889,930 Parrish Meadows Apt. 374
114,Newmanton,46104,83192 Justin Station
58,North Russell,78703,376 Sullivan Park Suite 774
104,Port Laura,09521,05966 Mercado Rue Apt. 438
33,North Jasmineland,39451,43028 Eric Rest
189,Lake Edwinside,23867,04368 Green Land Apt. 444
57,Michaelhaven,28696,9513 Steven Cliffs
172,Moralesshire,37687,3163 Karen Estate
170,New Josephville,82272,8959 Cody Via Apt. 532
17,East Elizabeth,61948,7888 Tammy Expressway
113,North Deborah,94329,05943 Christopher Way
200,West Jonathan,59688,310 Jonathan Crest Apt. 719
135,Briggsview,75948,7835 Alyssa Garden Suite 193
81,Crawfordton,83996,172 Vasquez Mews
203,North Joseph,19351,16982 Michelle Pine
96,East Emilyside,80526,35884 Taylor Avenue Suite 684
171,North Angelica,96258,13401 Curtis Meadows Apt. 478
175,Edwardshire,44114,40447 Sandra Vista Suite 757
192,East Julieshire,73465,1655 Norton Points Apt. 299
202,Nicholasfort,57191,0250 Michael Station Apt. 834
60,Torresshire,79966,1436 Amy Plaza Suite 871
161,North Kennethtown,05696,2212 Torres Rapid Apt. 473
9,Michaeltown,90564,905 Johnson Port
132,South Gabriel,35445,0879 Virginia Tunnel Apt. 277
53,Michelleshire,17539,34638 Sanders Track Suite 491
103,Lake Jon,04338,415 Brian Garden Apt. 057
144,South Jerry,93850,3344 Jennifer Alley Apt. 884
120,Dianahaven,03445,630 Monroe Burgs
74,Tinafurt,67958,72528 Adams Village
79,North Christopher,28273,5305 Marsh Plaza
34,South Veronica,32566,571 Mark Port Suite 157
58,Elizabethview,94936,582 Rose Corner
112,West Angela,08885,142 David Corners Apt. 724
40,New Jay,73294,89172 Anderson Springs
153,Haynesburgh,34956,6560 Green Stream
204,Davisborough,28531,7870 Pearson Square
59,Port Ashleyfort,62436,6077 James Stream Apt. 463
92,New Jesseberg,75106,43903 Franklin Square
40,Lewismouth,33627,284 Thomas Lodge
21,Jerryville,73341,03085 Sara Street
185,Cherylburgh,09202,408 Joseph Burgs Apt. 027
74,Joelberg,59625,09821 Tucker Mountain
100,New Deborahbury,89631,3924 Crawford Valleys Apt. 655
66,South Daniel,16922,489 Hogan Pines Suite 749
195,Ryanstad,67432,695 Schwartz Villages Apt. 971
106,Jeffreyside,02052,9696 Parker Cove Apt. 235
113,Lake Julian,86854,844 Jonathan Mountain Suite 647
18,Port Joshua,99587,3585 Debra Stream
172,Lake Arielchester,66616,5999 Gary Brooks Apt. 647
74,East Valerie,36052,86734 Mary Landing
110,Meghanhaven,11904,717 Melissa Turnpike
200,Lake Matthew,83676,83162 Lewis Loaf
11,Aaronhaven,42766,469 Brandy Skyway
34,West Dennis,29905,474 Aaron Park Suite 460
144,Adamburgh,91884,775 Washington Flat Suite 058
11,North Chad,05941,57841 Carroll Island
76,Antoniomouth,15655,174 Gonzalez Turnpike Apt. 326
126,Christopherborough,44026,4262 David Summit
134,Port Kristenberg,05960,9271 Robin Trail
46,Lisaland,72253,9282 David Walks
134,Mariahview,99601,532 Alexander Turnpike
141,Turnerfort,91962,269 Smith Station Suite 171
136,Thompsonhaven,81050,75088 Melissa Club
132,Port Caitlinmouth,42257,1151 Garrett Spur Apt. 419
197,Jamesfurt,86483,973 Campbell Overpass
186,Rhodesmouth,99886,4305 Jorge Roads
128,Danielstad,13575,3857 White Bypass
104,North Laurafort,05298,923 Cheryl Forges
63,Manningberg,23052,46278 Ramirez Way Apt. 096
174,Russellton,02990,88392 Lacey Stravenue Suite 058
41,Jodiland,54676,1716 Bethany Curve Apt. 140
19,Lake Justin,01172,104 Robert Streets Suite 504
152,South Angelafurt,73464,22017 Jennifer Skyway Suite 868
27,Lake Ryan,33420,6702 Ana Rest
169,North Patriciashire,51426,7328 Johnson Well Apt. 485
172,Port Jason,48591,184 Gabriela Fort
105,Amyfurt,48701,5446 Russo Drives Apt. 767
95,North Bryanstad,47194,26834 Patrick Plains
49,South James,74935,2304 Jennifer Fields Suite 682
26,East Suzannemouth,79962,4494 Moore Canyon
145,Lake Theresastad,82812,4952 Justin Spurs
139,East Joseph,33152,58198 Joel Camp Apt. 046
13,Salasfurt,58086,722 Smith Key Apt. 248
29,Michelemouth,56924,901 Matthew Mission
78,Gilestown,65595,32377 Ponce Radial
49,Kennedystad,49011,09541 Hawkins Rapids Suite 693
63,North Timothytown,50243,091 Erik Coves Apt. 453
78,West Jennatown,98213,9178 Luis Bypass Apt. 720
143,Watsonshire,41020,9746 Jamie Station Suite 750
21,Rothchester,57365,392 Olsen Brooks
103,South Hannah,87159,713 Matthew Stream
70,East Jeffreyborough,84129,01784 Perez Circles
105,Andrewport,31899,757 Barber Canyon
22,Davidberg,40156,854 Dana Isle Suite 126
80,Charlesmouth,30374,3174 George Key Suite 013
152,North Heather,33073,266 Amy Creek Apt. 575
104,New Victoria,88190,919 Johnson Cape Apt. 980
174,Mcclureville,59202,997 Gary Spring Suite 345
191,Reneefurt,36692,881 Hughes Bridge Apt. 715
70,North Leahfort,76666,41495 Barbara Freeway
166,Carolynside,84223,4380 Richardson Passage
125,Pittsberg,62949,255 Robert Mountain
37,Rebeccamouth,29670,08933 Davis Camp Apt. 116
182,Harrisview,05889,5383 Morrison Burg Suite 595
93,Whitemouth,80560,93256 Zamora Plaza Suite 066
54,Pamelamouth,77832,88822 Lewis Creek Suite 442
33,Silvachester,08661,2750 Stevens Port Suite 612
135,Jeremyport,49108,627 Newman Garden
166,South Christiantown,02136,66799 Tara Meadow Apt. 979
72,South Nicholas,49160,2077 Ford Island Suite 518
136,Toddside,51426,08949 Theresa Radial
161,Kaylaville,92609,488 White Light Apt. 728
11,North Troychester,36865,578 Sarah Mews Apt. 597
112,West Rachel,21086,43765 Johnson Brook
67,West Jenniferport,82132,8501 Smith Estate Apt. 993
125,Madisonview,43350,305 Andre Terrace Suite 784
140,New Christianland,61472,902 Lewis Viaduct
197,West Leslieburgh,85183,36306 Dawson Parks
112,West David,89507,00714 Jones Island
87,Whitneychester,05516,1012 Christopher Parkways Apt. 524
113,Crawfordland,76942,4520 John Parkway
160,New Christopher,67005,4227 Riley Highway Apt. 333
52,Angelatown,17320,61311 Emily Fork Apt. 032
178,Michellemouth,57376,0695 Barnes Walks Suite 758
131,Javierton,73297,8227 Garner Shoals Suite 058
198,Robertburgh,88875,5518 Martin Point
27,Lake Stevenmouth,00958,930 Brown Ridge Suite 909
172,North Steven,41370,1225 Bailey Lake
87,North Jessicaburgh,83007,692 Ana Junctions
45,Robinsonfurt,27291,622 Sellers Lane
70,New Katieburgh,62534,1103 Ronald Ferry Apt. 756
161,Burnsport,48471,345 Tyler Hills Apt. 801
5,Port Sabrinaborough,16953,063 Hannah Brook
154,Jacquelineport,43308,349 Smith Tunnel Apt. 662
104,Pattersonberg,64139,935 Bean Corner Apt. 969
67,Lake Edwinland,44997,239 Crawford Alley
10,East Robert,70146,8927 Joshua Fields Suite 096
99,Sarahburgh,01368,71901 Walker Islands Suite 013
197,Lamberttown,87951,733 Ashley Viaduct Apt. 105
22,East William,41180,314 Roberta Meadow Suite 802
164,Nathanielburgh,39267,060 Cook Lane Apt. 286
49,New Kellieborough,18444,9253 Eric Place
127,Anneborough,16579,268 Wilcox Parkways
177,Monroeburgh,08433,4239 Michael Springs
162,North Brian,51725,04344 Michael Creek
51,Perezfort,52334,729 Hughes Port
110,West Lisaside,25310,9675 Elliott Rapid
70,Robertton,30258,8968 Burgess Trail Suite 856
126,South Dana,48241,9189 Jane Shore
154,West Jennifer,78587,89985 Donald Station
34,Sarahhaven,67349,7278 Tanner Mountain
51,Timothyfurt,77393,0992 Phyllis Forest Apt. 044
157,Josephville,67584,314 Johnson Shores
20,Jonesbury,82516,425 Williams Harbor
188,Sarahmouth,97742,10944 David Mountains
69,Sarahborough,50961,4713 Green Grove Suite 651
69,Juliehaven,42419,271 White Hill
8,Katelynborough,99000,853 Kim Plains Suite 711
39,Lake Beckyhaven,57815,25109 Garcia River
46,Morenofort,43438,4067 Geoffrey Radial
172,East Tina,75175,8753 Christopher Cove
137,Fordmouth,21281,69243 Moreno Haven Suite 937
9,Woodsland,04670,015 Jennifer Greens
149,Hestertown,16516,453 Anderson Pike
95,East Whitney,16686,48653 Jenkins Summit
58,Murraymouth,75533,919 Carl Parkway Suite 251
15,North Heatherfort,05290,1452 Jacobson Turnpike
57,Thomaston,14840,018 Armstrong Islands Apt. 515
75,Craigberg,37514,7612 Evans Cliff
147,New Amber,24474,726 Lisa Walk Suite 458
114,Kathrynview,07133,9076 Mark Mountains Apt. 397
184,Roachmouth,16207,071 Roberts Coves Apt. 294
84,New Margaretmouth,73939,8610 Jeremiah Meadows Suite 613
147,West Katrinaview,75238,73569 Monique Spur Suite 397
179,Aguilarfort,97309,7798 Rebecca Courts Suite 543
76,New Jeanneberg,90010,77490 Mayo Row Suite 433
202,Jamesfurt,06420,89202 Davidson Bypass
49,Brentmouth,10647,34957 Herrera Walks Apt. 982
30,Dukeville,76122,544 Bethany Island Suite 459
192,East Jason,94834,6539 Smith Field Apt. 191
124,South Danielmouth,72602,70346 Cox Points Apt. 632
147,Port Elizabethmouth,20138,456 Karen Locks Apt. 733
115,Molinaside,47756,03448 Kyle Ways Apt. 215
39,West Cynthiamouth,49208,2627 Burton Divide Apt. 392
90,West Jonathon,76602,83233 Roberts Row Apt. 960
22,North Wendy,07917,214 Mark Port
149,South Kimberlyborough,23142,375 Clarke Branch
77,South Ellenfort,72861,151 Jamie Park Suite 998
104,Port James,85219,192 Elizabeth Cove Apt. 059
5,Grahamberg,99449,2492 Brandon Hills Suite 318
82,East Christopherview,98472,197 Melissa Ridge
136,Andrewmouth,01953,0276 Vega Rest
179,North Brittney,87643,15447 Michael Pines Apt. 035
102,New Christina,17965,26825 David Street Apt. 133
135,Michaelaville,24701,59108 Randall Plains
117,Lake James,87803,8891 Earl Meadows
43,Andrewtown,48257,0674 Mitchell Fields
179,Kendraborough,23729,5192 Brenda Mount
145,Michaelport,45155,3098 Adams Terrace Suite 676
12,Paulbury,60884,138 Emma Meadow Apt. 655
150,Mooreton,53916,4618 Chad Turnpike
119,Gregport,17977,722 Shawn Lane
154,Lake Kevinburgh,41920,8098 Perez Gateway
153,Whitestad,90442,0281 Heather Centers
202,Joechester,05059,189 Charlene Avenue
83,Lisatown,28354,75344 Horton Villages
166,Moorefurt,81149,500 Hailey Ridges Suite 888
186,Lesterville,60229,59598 Edward Grove Suite 180
156,Mirandaland,98184,745 Simmons Cliffs Suite 724
121,Aaronville,86130,01869 Amanda Path
27,Thomasbury,31050,369 David Mills
91,Karaland,89774,777 Marc Loop Apt. 426
96,West Rose,33422,9677 Paula Falls Suite 820
152,Justintown,99072,0961 Jack Station Apt. 874
168,Vargasberg,75421,19215 White Path Apt. 574
54,New Christinetown,02667,5938 Tracy Tunnel
139,Lake Andrew,67584,9015 Melissa Forest
192,East Antoniobury,87482,5001 Mason River Apt. 199
91,Melissaville,03319,305 Jacob Falls
12,East Danielside,05692,859 Patricia Loaf
25,Arroyoborough,13951,180 Williams Neck Apt. 248
48,Madisonside,29315,8849 Gardner Oval Suite 942
161,Port Markfort,75089,10195 Lewis Centers Apt. 463
158,Ayalaton,86654,08278 Matthew Corner
43,Nicholasbury,36373,668 Johnson Village Suite 854
159,Parkerside,34411,340 Sonia Square Suite 085
173,New Jacobbury,03174,427 Elijah Cove
75,New Kimberlybury,72267,0424 Wendy Crest
22,Port Stephanie,47109,63047 Colleen Common
138,Lake Claudiaville,74728,92941 Bradley Hollow Apt. 913
140,South Bryan,68269,673 Raymond Landing
165,Walkerberg,89760,83641 Nelson Well Suite 740
161,Lake Melanieborough,10307,340 Tammy Meadows Apt. 765
15,West Morgan,42481,2491 Sarah Lock
127,Taylorside,03241,1129 Stewart Forge
55,Evanchester,45862,5675 Rodney Hills Suite 136
195,Mooreland,00891,594 Frederick Camp Suite 459
147,North Patrick,99300,136 Kathleen Trace
51,Michaelside,18058,620 Lisa Gardens Suite 771
77,Amyside,43266,8867 Christina Mission Apt. 704
198,New Johnmouth,59260,29645 Morgan Mountains Apt. 988
35,Melissaside,12461,6770 Gomez Loop
47,West Sarahbury,43397,38163 Jenkins Knolls
125,West John,62118,69225 Terri Branch Suite 938
135,Patriciaview,84581,58603 Anderson Rapid Apt. 531
202,East Christian,07873,1993 Kathryn Locks Suite 341
126,Archerton,47089,02291 Christopher Circles Suite 998
196,Rodriguezborough,23347,5870 Steven Isle
193,Bradleyville,23950,0632 Tina Keys Apt. 111
116,Michaelville,77497,376 Brown Views Suite 726
45,Oliviaview,25032,20791 Mcdonald Ford Apt. 785
95,Hernandezstad,80519,36611 Morris Overpass Suite 037
108,Lake Ruth,22350,1583 Peggy Club
5,Velezborough,30175,0677 Alan Mill Apt. 007
67,Christinaville,53345,3829 Davis Ports
96,New Gilbert,27900,34604 Holden Walks Suite 106
116,South Deborah,68267,2477 Neal Wells
74,New Maryton,47836,1146 Judy Estate
191,Port Arthurberg,71408,17111 Valerie Course Apt. 144
193,North Stephaniemouth,15448,3889 Mario Landing Suite 613
85,Johnsonville,06216,40051 Alexander Orchard
171,Lake Shannonchester,60204,129 Nicholas Glen
187,Nicholsonville,47718,44058 Brown Pass Suite 524
130,New Karentown,45899,6632 Melissa Causeway
107,North Stevenport,36599,060 Carter Roads
6,Lake Curtisville,02380,91741 Wilkerson Extension
126,South Geoffrey,86034,8066 Andrew Way
152,South Carrietown,62577,34350 Palmer Stravenue Suite 552
151,South James,87845,81253 Spencer Union
91,Hallmouth,89526,52534 Wesley Fall
134,New Clayton,99757,930 Davis Bypass Apt. 897
23,North Michelleside,68547,09945 Harris Crest
128,Serranoburgh,07138,18711 Garrett Alley Apt. 939
91,Johnsonstad,75543,17313 Price Forks Apt. 247
174,Robertberg,80659,92425 Parker Lights Apt. 635
192,Port Amyberg,03430,9604 Gutierrez Row
59,Ibarrastad,67234,887 May Key
76,South Zoe,58287,6282 Wilson Forge
125,Port Lisa,42268,1494 Campos Gateway
156,Petersontown,69787,16322 Wood Springs
5,Watkinsshire,15554,2827 Curtis Turnpike
87,Jenningsport,17947,046 Benjamin Corners
84,North Sean,60672,3773 Velasquez Squares Apt. 624
192,West Alexanderborough,62711,26242 Stone Springs Suite 709
153,Hunterberg,67291,03462 Wong Stream
12,East Kimberly,41154,10954 Anna Curve Suite 143
9,Weberville,28051,723 Adams Ridge Apt. 673
81,Port Pamelaport,31624,590 Jennifer Drive
130,Rosalesbury,59960,6227 Mark Rapid Suite 254
153,Perezton,85788,75902 Russell River Apt. 188
48,Jimborough,83165,182 Charles Creek Apt. 108
197,New Lucasbury,86716,55432 Sandra Isle Suite 640
112,Stevenbury,12939,971 Robert Parkway
28,South Nicoleshire,67606,61275 Tanner Estate
6,Lake Rachel,14507,585 Shawn Meadow Apt. 057
62,Dunnstad,86341,291 Reid Corners
124,New Angelaberg,90475,463 Lawson Expressway Suite 145
75,South Johnchester,18868,7678 Reese Row Apt. 803
116,North Johnhaven,28878,80467 Carter Causeway
32,Juliamouth,98520,1445 Kyle Glen Apt. 725
99,South Timothyshire,49169,218 Wesley Prairie
36,Port Beckyton,50586,52270 Martha Meadow Apt. 962
39,Lake Michael,34722,854 Amber Ramp Suite 506
153,West Tyler,87945,6785 Amanda Key Apt. 269
34,West Nicole,14412,002 Page Corners Apt. 887
81,West Terri,73130,3606 Olivia Manors
78,South Alexhaven,82258,9819 Daniel Harbor Suite 594
180,Pamchester,73296,323 Perez Dam Suite 527
148,South Cameronfurt,90302,785 Diane Ridge Suite 169
131,Dawntown,83665,162 Daniel Ports Suite 598
194,Matthewville,69577,268 Cheryl Route Apt. 266
56,Cheyennefurt,17265,402 Morgan Mountain Apt. 189
11,Rodriguezbury,26024,2543 Antonio Lake
93,Brendaton,88398,1601 Sonya Village Suite 284
178,Medinaland,76323,2743 Edward Underpass Apt. 909
87,Millerburgh,48557,016 Brown Mills
140,Scottberg,15237,2533 Paul Green
78,Edwardview,06178,70690 Warner Village Suite 110
152,Crystalchester,95172,7402 Daniel Landing Suite 295
155,Fergusonfurt,05405,167 Roberson Dam Suite 823
63,Lake Robinbury,04349,94781 Christopher Stream
73,Tonytown,86510,21150 White Green
66,South Jeffreyville,09680,29260 Chambers Trafficway Apt. 075
33,Brianmouth,84800,15503 David Crest Suite 157
201,Gabrielleview,56127,43967 Castillo Ridges Suite 093
18,Lake Jennifer,87914,72594 Graham Harbor
45,Crystalmouth,32010,693 Hicks Summit Suite 176
196,Lake Richard,96898,33941 Clark Circles
148,South Mariaberg,38321,92326 Frazier Street Apt. 717
156,West Ashley,68018,88439 Mack Canyon Apt. 110
26,West Michellefurt,88856,2153 Evans Springs
147,West Michele,35621,838 April Squares
59,West Jordanhaven,64782,27913 Heather Burgs Suite 456
168,East Michelle,36266,913 William Corner
98,Janetberg,85359,485 Lisa Motorway
116,Laurastad,16870,268 Johnson Stream
148,East Amandashire,16973,64567 Jessica Streets Apt. 243
127,Juliefort,35753,018 Douglas Lodge Suite 985
79,Jacobberg,20067,24562 Tina Course
80,West Robertport,50989,3605 Lang Port
128,South Gary,57692,34455 Richardson Lights Apt. 154
92,North Cindymouth,97720,52529 Summer Pass
87,West Christopher,89611,9068 Smith Junction Apt. 673
132,Rachelmouth,87298,667 Henry Junctions Suite 748
120,Jamesside,08198,58055 Arroyo Island
25,Perkinsville,98858,7231 Lisa Ferry Suite 180
48,West Susanborough,11898,301 Catherine Mission Apt. 460
99,Marymouth,78895,443 Lopez Court Apt. 891
88,Port Mary,99827,315 Mcdaniel Valley
70,Boydhaven,57632,195 David Coves
37,Wendyfort,74998,011 Erica Row Suite 312
183,East Ravenberg,72986,6596 David Trail Suite 328
191,Lake Brianmouth,60677,044 Harrington Highway
67,Peggyberg,30347,930 Mitchell Valley
40,South David,59479,321 Benjamin Stream Apt. 511
88,Gonzalezchester,02755,5380 Harper Shoals
109,Amandafurt,45436,0444 Jones Branch
154,West Cynthiabury,23153,519 Morton Corner
181,North Christina,74949,745 Charles River Apt. 728
13,Roberttown,77946,766 Yolanda Extension
118,Lake Sarah,00571,64999 Johnson Loop
200,Solomonland,30167,44877 Alexander Valley Apt. 722
193,Herreraview,17219,438 Smith Grove
51,Julieborough,04182,31092 Nichole Union
76,Paulland,86485,5357 Michele Cove
137,West Kelly,85097,97242 Sosa Stravenue Apt. 657
45,South Sandra,35960,88586 Hatfield Glen
58,North Lisa,79271,987 Shannon Garden
142,Stephenville,00906,8859 Waters Valley
145,New Felicia,86146,2235 Joshua Garden Suite 354
196,East Tammyberg,15750,78665 Todd Keys Apt. 611
49,Stephanieland,98006,82888 Kevin Plains
161,Kennethchester,80805,81047 Davis Orchard Suite 724
122,Patriciachester,47113,62563 Anthony Gateway Suite 288
61,North Tammy,92577,66877 Jones Ranch Suite 217
172,Evansmouth,58405,3318 Alexis Square Suite 876
13,Kristinmouth,57788,26728 Lisa Forks
128,West Heathershire,06199,8060 Lauren Courts Apt. 901
128,Nicholastown,88698,8564 Megan Trail Suite 851
166,Lake Nicolemouth,78198,6940 Nicole Underpass Suite 960
115,Port Norman,69123,536 Sims Keys Apt. 536
151,Nobleberg,47283,82952 Ferguson Walks
133,Marshallfort,50630,894 Gibbs Field Apt. 741
187,Lake Jody,98447,6696 Jonathan Fields
121,Lake Allison,09020,78146 Alejandro Harbor
10,New Angelaburgh,35542,07185 Michael View
166,Davidmouth,30833,92734 Smith Plains
73,Andersonburgh,62619,3162 Dan Isle
166,North Eric,07310,924 Jodi Views Suite 640
197,Lambview,54023,9964 Zamora Rapid
49,Gallaghermouth,24418,0981 Edwards Branch
62,Salazarmouth,04896,33310 Tammy Flat Suite 791
101,Jordanmouth,10902,146 Amy Ford Apt. 549
68,Lake Gabrielleside,77457,48706 Pitts Knolls
31,Port Thomas,32401,2015 Daniel Mall Suite 053
18,Griffithbury,74111,3567 Luis Summit Suite 718
19,New Michelle,60337,9459 Timothy Port
33,Port Jacquelineville,10057,4930 Tiffany Lakes
142,Lake Kathleenfort,00980,8243 Amanda Cape
128,South Laura,20976,5514 Jonathan Locks Suite 998
188,Mccoyberg,64236,5239 Miller Parkway
201,Bennettmouth,28191,593 Robinson Fork Suite 455
145,Wattsburgh,99665,97390 Michele Crossroad Apt. 034
108,North Timothyport,14066,179 Alicia Avenue
200,Lake Elizabethfort,87703,3146 Larson Pine
181,Colinstad,74088,8123 Guerrero Alley
10,Lake Christopherstad,21196,7131 Lopez Lodge
81,Hartside,54857,6461 Peggy Overpass
109,Lake Tarafort,16348,5065 Robert Park Suite 595
99,South Debramouth,82194,808 Andrea Circles Suite 106
80,Munozville,43923,9585 Nicholas Mill
10,North Oscarhaven,69050,3337 Mckee Terrace Apt. 062
34,West Rachelberg,25722,6577 Gardner Shoal Apt. 347
173,Mitchellview,25875,173 Floyd Road
195,East Philipview,93206,19066 Hayden Union
131,East Jesus,62818,343 Nelson Isle
55,East Brianburgh,57782,425 Cohen Throughway Apt. 249
22,Kimberlyshire,80273,9582 Patel Underpass Suite 218
101,Lake Philipside,08955,746 Price Light Apt. 745
173,Walkershire,22638,41311 Jamie Hill Apt. 960
107,Gregorymouth,84081,8040 Holmes Villages Apt. 167
9,Maloneville,94250,3825 Kirk Ridge Apt. 065
182,Alexanderborough,15631,89960 Morgan Junction
38,Port Danieltown,42522,99267 Duane Radial Apt. 145
176,Lake Danielberg,24511,9074 Austin Terrace
10,Baldwinfort,45327,764 Harris Creek Suite 977
160,Kristinashire,91066,46178 Steven Radial Apt. 568
80,Mitchellhaven,75501,206 Callahan Spring Suite 801
33,Adamsberg,88510,5641 Goodwin Cliffs Apt. 733
41,East Stephanie,61404,412 Michael Village
26,Lindamouth,29421,96889 Parker Meadow Apt. 975
89,East Jessica,17102,889 Brown Tunnel Apt. 314
118,Elizabethville,20877,7990 Samantha Key
124,East Charlenefurt,26301,04757 Coleman Roads
98,Port Ashley,18296,69968 Osborne Motorway
52,Taylortown,26633,218 Coleman Plaza
8,West Christopher,56159,31649 Erica Mount Suite 805
75,Clarkburgh,95453,1269 Brian Trace
47,East Jeremystad,22703,7431 Garcia Summit Suite 563
42,West Justin,28667,67260 Jerry Haven
204,Porterport,89704,7048 Phillip Burg Apt. 480
110,Romanstad,57759,621 Casey Prairie Suite 545
64,West Brandon,29892,718 Kane Courts Suite 344
48,Lake Amberfort,47478,5148 Phillips Springs Apt. 125
179,Samanthabury,05223,4875 Bauer Mountain Apt. 613
30,Cynthiashire,15840,33271 Laura Light Suite 219
104,West Sara,70725,471 Erica Fords Suite 695
149,Port Alex,37697,87115 Colon Mills Apt. 430
42,East Natalie,35746,941 Gary Mills
166,West Tyler,48312,6092 Martin Mountain Suite 806
22,West Jeffreychester,63759,755 Fisher Parkway
20,Perkinstown,50201,53961 Herrera Junction Apt. 399
142,Dodsonhaven,95000,036 Barbara Valley Suite 301
16,Bellshire,87023,72946 Smith Centers Apt. 742
151,Lorettaville,04775,8948 Megan Meadow
82,Lake Deanna,06401,61792 Miranda Rapids Apt. 482
137,Lake Jennymouth,43698,000 Jennifer Viaduct
32,East Anthony,58084,54303 Griffin Freeway
72,Cooperborough,82385,403 Anthony Throughway
197,Port Meganmouth,76313,67147 Joshua Lodge
131,Nielsenhaven,91530,37992 Davis Alley Suite 884
63,Kathleenmouth,04572,76745 Christopher Keys Suite 344
100,South Ashleystad,08825,5313 Francisco Village Apt. 704
59,Robertbury,14891,3040 Petersen Route Suite 885
86,Hoffmanmouth,08003,449 John Locks Apt. 700
186,Robinfurt,74241,6647 Robinson Extensions Apt. 015
63,Lake Nathan,39460,89929 Troy Lakes
39,Carrollville,56278,526 Rachel Hill
94,East Todd,58497,82134 Jacob Brook Apt. 174
123,Cooperview,02106,705 Cindy Burgs
154,Lisastad,91088,423 Jacob Lodge
174,South Paul,35190,47042 Maddox Trail
37,South Courtneymouth,93525,6472 Mitchell Knoll
164,New Crystalbury,82365,68358 Lopez Dam
88,South Johnview,73031,819 Fields Park
110,Sandersburgh,99360,60266 Jay Dale Apt. 728
41,Nicholaston,36004,58081 Evans Wall Apt. 931
94,Alvaradochester,05014,50389 Matthew Route Apt. 955
71,New Jessica,40681,8721 Anna Mews
133,Kellyfort,65374,69816 Campbell Circle
41,New Sarah,88708,0113 Karen Port
18,Port Matthewshire,18714,97113 Sharon Harbors
184,Lisaburgh,04055,55671 Brooke Alley
130,Port Priscilla,69867,0897 Salas Hills
166,Christopherfort,75994,6184 Moore Ridges
53,East Gregg,91031,554 Bailey Dale
115,West Anthonystad,54837,37955 Chase Orchard
122,New Samanthahaven,33560,578 David Plaza Suite 531
200,North Matthew,42981,749 Tina Pines
102,Jonesland,03823,5353 Cohen Via Suite 591
94,Kristyburgh,78366,4855 Bianca Highway
7,North Charles,44091,685 Wagner Crest
142,Jonesfort,37748,55610 Shields Alley
202,West Kiarashire,84500,8628 Erin Loaf
147,Christinafort,87427,854 Steven Forks Apt. 031
80,Duranchester,82151,87128 Hector Extensions
15,New Kayleeland,67374,219 Rogers Mews
162,East Conniemouth,56655,93901 Katherine Mountains
128,Lake Krista,38527,8921 Vanessa Loop
25,Michellemouth,14177,49614 Benjamin Glens Suite 576
59,West Sarah,90915,2723 Atkins Bypass Suite 792
172,Frankland,80360,529 Palmer Causeway
191,Cookmouth,27387,65527 Wells Camp Apt. 495
174,West Jenna,28263,109 Bryan Unions Apt. 410
108,Hardyside,70532,59975 John Square Apt. 449
132,Port Austinland,77734,581 Catherine Passage Suite 739
101,West Vickistad,64920,052 Ross Common
148,Port Thomasville,68931,5026 Garcia Prairie Apt. 256
147,Port Robert,08669,1559 Jessica Corner
59,Lake Alex,53315,45834 Amber Gateway
12,Lake David,61065,29770 Sherry Brook Apt. 231
46,Toddborough,38311,20487 Christensen Mill
42,Port Angela,26562,6658 Michael Hill
79,Carlsonfort,83151,57390 Lynn Skyway
72,Bethview,72043,782 Underwood Tunnel
34,South Anthony,34154,78056 Phelps Tunnel
71,North Samanthatown,06796,6762 Mccoy Shore
196,Kellyville,34475,9752 John Hills
75,West Shannon,81714,871 Lawrence River
203,Emilyfurt,40137,1131 Connor Island
113,Huynhburgh,42254,57209 Cooper Landing Suite 868
74,New Danny,57514,2528 Harris Crossing
200,Woodsstad,16810,982 Walters Flats Apt. 351
128,South Robertborough,52645,919 Kathy Motorway Apt. 110
37,East Donaldmouth,17157,5519 Sarah Dam
73,North Robertton,25207,624 Hall Streets
72,Cobbview,29962,2313 Lisa Vista Apt. 531
178,Lindseyport,34834,850 Janet Forest
113,Jonburgh,90125,3337 Young Rest
193,Wellschester,59836,82026 Andrew Parkways Apt. 059
163,West Bethanyfurt,28082,4933 Michael Cliff
38,South Michaelmouth,77254,0756 Wolfe Forks
37,West David,40310,9802 Ramos Brooks
37,South Robert,92662,72650 Jesse Grove
178,Hobbsstad,72290,36030 Jenkins Roads Suite 828
198,Lanestad,55767,210 Anthony Underpass
194,North Darrenchester,61404,69747 Nelson Port
97,Port Veronicatown,94950,4586 Ellen Locks Suite 651
126,West Michael,79006,7800 Wood Brook
140,Vincentborough,99403,20552 Lee Rue Apt. 013
117,Barkerport,08106,183 Marc Viaduct Suite 654
162,Barberstad,32108,00392 Shea Shores
10,Ericfurt,67542,488 Martinez Bridge
108,Port Danielland,23776,455 Hayes Points Apt. 848
202,North Danielbury,93561,377 Stewart Plaza
45,Hallburgh,80411,1452 Beard Crest
85,East Eric,58520,074 Moore Track
146,Hoburgh,16961,7641 Davis Greens
182,Port Michaelton,15621,965 Jeffrey Islands
11,Danielside,57534,2363 Paul Center
174,Thompsonland,50113,6946 Cynthia Street Apt. 116
119,Taylormouth,57243,776 Sabrina Lights Suite 147
78,Taylormouth,13970,126 James Hollow Apt. 416
74,Ryanport,93686,23645 George Harbors Suite 204
75,South Christian,34281,86351 Amanda Prairie Apt. 142
83,Port Tiffanyberg,90745,0671 Linda Mountain Suite 501
17,Janiceville,75504,912 Rodriguez Row Apt. 658
45,Gregoryville,25999,888 Thomas Glens Apt. 766
34,Lake Melissaport,63386,98258 Morris Views Apt. 076
60,South Tylertown,57690,149 Kimberly Motorway Apt. 930
22,Fowlerview,63230,28181 Solis Throughway
105,East Jessica,61971,30838 Tyler Cove
67,North Dylan,02089,741 Christian Port Apt. 413
50,Dominguezmouth,15817,40370 Smith Squares Suite 963
14,Kyliemouth,81965,2654 Alyssa Meadows Suite 722
138,Deborahside,03263,09337 Hayden Via Suite 768
28,Michaelton,01228,764 Mcneil Drives Suite 636
72,Port Emily,51680,365 Casey Villages Apt. 191
164,Tannerview,19989,564 Wallace Isle
149,Christopherburgh,18992,8733 Glover Creek Apt. 446
80,Davidton,74676,312 Bean Meadows
136,Port Joseph,96567,9395 Ryan Ford Suite 255
17,Jessicaburgh,22561,4005 Michelle Turnpike
112,North Robertport,92923,1147 Larry Coves Suite 096
65,Lake Philip,07172,498 Munoz Extension Apt. 212
117,West Dakotaborough,46539,5740 Wilson Mill Apt. 604
96,East Suzanneton,53325,63677 Craig Parks Apt. 838
19,Lake Lauraborough,66114,316 Vincent Cove Suite 954
84,Lake Courtneyton,56378,5145 Kaitlyn Ford
67,New Allison,65235,77586 Ortega Street Apt. 774
149,Dorseyshire,52325,944 Joseph Streets
171,New Alexandraberg,10275,45409 April Village Apt. 435
107,Cookmouth,11987,18587 Julie Square Suite 728
27,Eatonchester,91479,47461 Holland Field
43,South Phillipmouth,65340,843 Kim Mountain Suite 509
186,South Jamesberg,79386,9687 Garcia Manors
46,Hodgebury,17711,276 Wanda Throughway
123,Gonzalezberg,95996,688 Nguyen Forest
100,Gordonbury,38144,7459 Catherine Squares
88,Zacharyside,10808,81509 Amanda Avenue Suite 493
46,Hardingtown,49022,4899 Singh Knolls
98,Danielstown,78255,0801 Williams Fort Apt. 963
16,North Jessicaborough,24242,694 David Skyway Suite 111
142,Nicholasland,17260,852 Moore Well Apt. 296
190,Brandyport,90498,63277 Myers Lodge Apt. 902
5,Michealport,64995,441 Payne Causeway Suite 845
153,Pamelaborough,36614,435 Scott Spurs Suite 986
121,Port Eric,35732,29087 Lori Estate Suite 619
36,Lake Tanya,04604,877 Jennifer Row Suite 640
168,Brownchester,42664,423 Jessica Turnpike
186,New Michael,79462,632 Potts Mall
93,Kennethmouth,77621,356 Mckenzie Lights
11,Joseborough,28828,0057 Marcus Park Suite 128
11,Port Lucas,29917,69988 Johnson Street
73,Stevenshire,70900,903 Perkins Prairie Apt. 637
137,Johnhaven,88026,6209 Karen Mountain
11,New William,20925,32795 Murphy Union
74,Lake Christina,84212,415 Walker Brooks
7,East Gregory,65347,24109 Powers Plaza
106,Edwardfort,64122,62377 Benjamin Mountain Suite 813
29,East Melanie,90257,87207 Tanner Wall
177,Rothfurt,13005,714 Barry Roads
36,Andrewfort,12220,101 Brent Turnpike
23,North Monicaland,54993,0164 Michael Island
121,West Jill,52689,407 Garrison Mill Suite 903
199,North Danielmouth,61582,5985 Miguel Shoal Suite 409
91,East Williamside,92263,345 Eric Mews
143,Victormouth,06592,3816 Brown Rapid Apt. 883
180,Port Heidimouth,30076,782 Monica Mews Apt. 056
189,Kingfurt,91246,9229 Larry Drive Suite 864
124,East Judithville,89720,646 Amanda Extensions Suite 925
122,West Richard,68764,725 Joe Ports Suite 787
12,Port John,41966,48788 Stephanie Lodge
53,Moralesview,99333,539 Evans Grove Suite 835
179,Lake Amyport,38877,73324 Robinson Estate
116,Chavezland,58759,35067 Williams Garden
200,Larryshire,54828,86754 Castro Park
192,Myersside,75311,04561 Vincent Radial
10,North Sarahside,11268,00591 Powell Highway
156,West Aprilton,50717,47580 Joshua Island
202,East Thomasville,39938,7074 Martinez Plains Suite 907
114,Tracitown,10428,51138 Taylor Lock Suite 774
106,Alejandraborough,30259,61218 Green Bypass
17,Alexandermouth,77749,6722 Williams Port
161,East Ryan,81136,635 Krista Mill
114,Nancyfort,27963,13863 Mackenzie Way
91,Johnmouth,80988,87951 Andrew Plaza
149,South Gregoryberg,51639,531 Clark Ridge Suite 244
80,South Mitchell,04811,87145 Williams Harbor
203,Marychester,81232,87602 Kayla Plain
125,Brownstad,03772,4683 Lauren Knolls Apt. 897
139,East Denise,36165,66520 Rodriguez Lake
27,North Kennethchester,37930,35665 Munoz Port
157,Rossshire,68959,48792 Gonzalez Ville
136,South Carolyn,89604,831 Evans Gateway Apt. 539
191,Michaelfurt,84680,562 Austin Circle Apt. 676
94,East Justin,70124,7483 Laura Square
193,Beckhaven,36826,427 Michael Fords
85,Thomastown,20414,6291 Logan Islands
148,Macdonaldview,69215,38121 Richard Station
128,North Davidland,72559,6087 Wayne Canyon Apt. 883
204,Floresborough,55635,92801 Jason Squares
55,Leebury,07674,69549 Don Extensions Suite 066
170,South Victor,83152,830 Tony Fall
85,Greenmouth,05929,49054 Claire Manor Suite 700
91,Patrickview,29917,36280 Jamie Circles Suite 148
11,Zimmermanburgh,90233,781 Gonzalez Union
132,Johnsonberg,07283,351 Shannon Crest
169,Zimmermanfort,47500,2051 Caleb Mountains Suite 666
123,Davidville,08205,993 Jerry Overpass
173,Kimberg,55146,6244 Charles Terrace Suite 619
174,Lake Jeffreybury,35576,3566 Ross Gardens
154,Lisastad,11091,152 Simpson Ways Apt. 294
64,Harrisland,18856,6746 James Knoll Suite 976
15,Conleychester,87695,7683 Pamela Tunnel
199,Coltonborough,20720,426 Anna Inlet Apt. 921
96,New Christopher,10436,709 Susan Valley
38,Hollandton,04413,86233 Eric Brooks
95,Lake Jackborough,12182,7156 Lori Springs Apt. 610
157,New Erin,94967,05182 James Crossing Apt. 678
88,Nguyenberg,54289,436 Samantha Locks
25,Morrisstad,59616,841 Allen Causeway Apt. 068
39,Melissaberg,62685,60846 Heather Street Apt. 691
34,North Troyport,92035,24273 Reginald Cliff Suite 592
26,Alfredland,28472,926 Prince Highway
44,Lake Monica,97425,69658 Marie Pike
146,Traceytown,03263,3137 Murphy Union
33,Port Lawrence,30882,27484 Cruz Harbors Suite 798
32,North Dannyshire,13878,129 Goodwin Vista Suite 148
132,Port David,90201,90356 Teresa Prairie
193,Smithtown,89843,74741 Douglas Circle
108,Lisachester,22805,5782 Jeffrey Ferry
194,New Kathryn,29643,6340 Teresa Mall
140,South Thomas,65455,76120 Oneal Mews Suite 493
24,Lewisville,76835,18651 Larry Extension
117,New Joannetown,78710,2524 Steven Ports
61,Durhamberg,61264,383 Miller Haven
12,Lake Reginatown,07005,51235 Thomas Ramp
76,Cunninghammouth,91856,5263 Bradley Throughway
98,Smithburgh,21772,5710 Adams Lodge
186,East Sara,02307,17729 Allen Fort Suite 242
163,Gutierrezborough,48393,1035 Henry Fields Suite 400
19,Danielfurt,34634,318 Hale Shoal Apt. 978
151,Stephanieborough,69124,5485 Green Court Suite 685
174,New Jacqueline,82583,455 Susan Extensions
16,Jenniferburgh,63149,786 Wilson Rapid
22,North Crystal,33480,9358 Ruth Greens Apt. 758
172,Valeriefort,70710,0529 Michele Meadow Suite 632
57,Joshuamouth,65282,39099 Romero Union
125,West Christianshire,38604,7380 Hicks Wells
181,Jacobsshire,15736,5227 Connie Ferry
96,Sherrybury,52054,769 Tina Valley Suite 530
9,Bryanstad,60981,16539 Austin Street Apt. 249
182,Lake Michellehaven,68622,060 Luis Harbors Suite 438
93,Fisherville,78623,6412 Murphy Islands
101,Port Gregoryburgh,25679,98111 Walton Stravenue Apt. 455
57,Joelview,10874,6218 Rowe Springs Apt. 200
5,Nelsonborough,74935,6810 Morton Harbor Apt. 626
87,Johnburgh,94100,277 Wood Mills
129,New Elizabeth,82390,667 Chambers Spring Suite 588
173,West Richard,32355,7199 Kelly Squares Suite 299
10,South Samuel,92489,696 Kelly Rue Apt. 245
183,New Sarahborough,45076,6721 Dickerson Mall
92,Jessicachester,94141,22752 Doris Summit Apt. 803
180,East Dustinmouth,42098,8546 James Rapids Suite 982
84,Russellton,38586,9578 Lindsey Motorway
17,Lake Jessechester,94380,6523 Nancy Keys
82,Port Mary,98233,73773 Cassandra Mountains Suite 476
181,East Eric,82351,3915 Jeremy Flats
144,Castrotown,72180,352 Andrew Hill
194,Daltonside,82802,2200 Lisa Parks Apt. 862
38,Parkershire,85399,2041 Allen Flats Apt. 814
66,West Chelsea,75781,702 Cynthia Fields
190,New Valerie,78930,581 Johnston Corner
71,Colemanborough,48632,233 Richard Camp Suite 087
7,North Carlosview,30457,90765 Natalie Neck
95,Lake Leahside,12641,4123 Ann Divide
105,Sarahshire,25967,352 Hernandez Pines
59,New James,78016,4172 Brian Trail Apt. 834
112,Deannastad,54230,85201 Brock Street
59,Nolanhaven,58337,9801 Shelly Skyway Suite 157
189,Port Brianna,24569,78473 Anthony Spring
124,North Larrytown,11766,64529 Pamela Mission
169,Port Matthew,32191,3157 Owens Gateway Apt. 210
55,Gilberthaven,87056,072 Cassidy Mews
175,Kristyport,43695,1056 Shane Mission
67,Copelandmouth,17169,8909 Rivera Creek
116,South James,52218,40546 Bell Lane Suite 215
112,Lake Andrew,10750,43358 Steven River
113,Karibury,14186,20339 Amanda Plaza
64,New Shannonmouth,40724,623 Gonzalez Grove
92,East Donna,58933,2491 Payne Passage Apt. 624
192,South Virginia,20932,2533 Patrick Mountains
190,South Michaelshire,40214,71024 Julie Crossroad
187,South Robertmouth,10635,478 Delacruz Avenue
126,Morrisfurt,75561,3715 Wallace Via Suite 529
97,South Robert,96041,72047 Alex Points
169,Stanleytown,10659,064 Ingram Corners
48,Mayfort,34982,607 Ronald Streets
165,Angelatown,01111,622 Davis Brook Suite 442
10,South Rachelton,40562,4557 Robert Fall Apt. 331
196,South Markbury,53264,3749 Smith Corner
31,Griffinport,36347,38082 Antonio Plaza Apt. 983
114,Wrightfort,50912,07186 Jenkins Forks
149,Juliastad,37822,863 Jared Walk Apt. 243
39,Lopezmouth,21074,456 Johnson Pines
35,Port Kellieport,96565,0966 Brown Vista
78,North Melvinberg,07344,73098 Ricky Falls Apt. 868
190,Julieport,35779,563 Taylor Island
165,Lake Peter,88224,30576 Sierra Road
151,South Tony,66025,649 Adam Creek
106,East Phillip,51024,19658 Michael Avenue Suite 366
114,Port Karina,74087,16617 Kenneth Parkway
48,South Melissahaven,80573,4551 Brianna Common Apt. 714
9,West Markbury,12201,0350 Michelle Circle Suite 754
147,Lake Dean,47674,731 Smith View Apt. 039
108,Port Marytown,16241,63206 Randolph Fork
171,Kingview,54201,05638 David Roads Suite 183
53,Anthonyshire,59245,8288 Melissa Road Apt. 320
93,Lesliemouth,70434,9724 Lucas Island Suite 747
152,New Charlesport,66766,321 Snyder Street Apt. 775
162,Tammyside,07810,0354 Delgado Corner
133,Johnsburgh,09660,002 Michele Manor Suite 620
64,South Meredithmouth,62613,8849 Ruth Plaza Suite 914
81,Duarteland,58777,20562 Wilson Lock Apt. 600
141,Mullinsborough,50026,9662 Nguyen Walk
114,Davidsonside,25088,1262 Allen Mill Suite 318
198,Dominguezton,28191,81935 Jordan Road Suite 256
122,North Marc,80759,9538 Thomas Mission
26,Gailton,85059,30208 Russell Isle
151,South Amanda,76117,340 Timothy Haven
167,Gonzalesburgh,66712,4765 Kyle Path
168,North Samanthashire,47382,211 Gina Shoal
33,Port Elizabethport,54778,49512 Erik Circles
38,Thompsonview,10038,1491 Ashley Drive Apt. 247
190,South Victor,56805,0111 Ruiz Radial
119,Kimberlyfurt,35745,6622 Kevin Stream
85,Franklinbury,23860,72886 Cortez Ridges Apt. 179
105,New Madison,60555,9469 Jennifer Street Suite 947
181,Wendyborough,03483,9436 Edwards Prairie Apt. 025
159,Kennedystad,92135,908 Boone Street Suite 121
6,Garrettfort,87238,600 Rice Plaza
82,Markshire,92114,011 Carpenter Trail Apt. 733
175,Cardenasville,88792,7292 Christian Shores
108,North Michaelville,58716,4619 Kristine Walks Suite 050
189,Jodymouth,49831,8321 Jack Stravenue
70,Stephenmouth,25495,93169 Rodney Meadows
6,Jamesport,70542,05587 Perez Square Apt. 837
86,Lake Ryan,56286,74169 Joseph Shoal Suite 038
21,Connieberg,41203,96096 Calvin Skyway Suite 464
105,Maryshire,73967,607 Dalton Path Suite 552
171,Lake Garrettport,79958,687 Henderson Stravenue Apt. 117
35,North Peterstad,33089,44677 Woodward Run Suite 933
97,West Amymouth,84897,4322 Andrew Mountains Suite 282
31,Davisland,76084,498 Meyers Alley Suite 011
91,North Kimberly,43924,40681 David Shores
198,Bakerbury,43784,68450 Elizabeth Spurs
200,Rogersfort,00701,7574 Jamie Fork Suite 707
55,Alexandermouth,94202,550 Hobbs Flat
121,New Shellyfort,19587,30165 Woodward Plaza
191,South Monicaview,88394,441 Cunningham Turnpike
55,North Anthonyborough,99651,2462 Jackson Plaza
163,New Amandaview,86433,94197 Suarez Cliffs Apt. 315
167,East Rogerland,11286,76979 Taylor Gardens
156,Port Kathryn,57326,139 Stewart Prairie Apt. 105
126,North Jacobland,84935,240 Wong Terrace
108,West Robert,54328,74603 Alexandra Path
35,Cobbfort,89439,5247 Elizabeth Roads
127,South Travis,02003,398 James Oval Suite 078
72,Phillipside,57793,2208 Burke Island Apt. 549
70,South Austinville,69517,0288 Matthew Spur
28,Lake Derrick,23136,2828 Miller Brook Apt. 649
113,Mitchellshire,87995,54595 Laura Road
88,North Jasonchester,57937,1848 Sydney Pass
132,Gardnermouth,24362,030 Jose Tunnel Suite 260
144,Johnsonfurt,74024,661 Holly Island
172,Davisside,20257,911 Lori Burg Suite 907
58,Housebury,33974,0239 George Common Suite 888
41,Chandlerfort,23497,645 Hannah Stream
202,Port Johnny,24052,600 Arnold Light Suite 857
128,East Nancy,38093,099 Jack Street Suite 953
101,East Hannahborough,56091,8501 Henderson Place Apt. 734
129,Aliside,29330,83641 Williams Inlet Apt. 480
129,Hunterborough,03400,444 Bruce Mews Suite 487
152,Smithview,49622,5402 Taylor Prairie
197,West Spencerport,55842,4932 Nunez Motorway Suite 329
59,East Jeffreymouth,70669,447 Mcconnell Meadow
189,Batesburgh,03853,769 Esparza Park Apt. 821
36,Thomasbury,98155,94686 Gutierrez Ways
39,Youngport,85347,4630 Abigail Springs Apt. 436
49,South Mitchellport,29136,3503 James Highway Suite 601
52,Jasonbury,40959,439 Lewis Ports
132,West Rachel,54308,022 Hancock Rapid
112,Port Jason,62894,9262 Johnson Oval
81,West Julie,76332,63518 Janet Parkways Apt. 461
168,Richardsonburgh,61210,0328 Bradley Mountain Apt. 555
173,Stewartton,50939,3989 Orr Green Suite 810
28,Brentburgh,02587,55443 Marcus Crest
40,West Gregoryland,64544,828 Shelton Wells
42,Sandrastad,99144,8362 Debra Circle
194,East Davidchester,88663,9273 Clayton Ridge
95,Whitneyside,84419,8242 Jones Plains
86,Cervantesburgh,36020,47684 Lambert Corner Suite 852
37,Frederickton,09483,66835 Stacey Mission
17,Griffithtown,67701,01625 Albert Spring
8,Frederickshire,85211,1382 Brady Isle
72,Brandtmouth,05897,4155 Terrell Circle Apt. 766
40,North Kevinstad,64020,823 Mcdonald Crossroad
70,Garciamouth,99179,14974 Cabrera Street Suite 509
186,Floresmouth,14423,541 Kenneth Hollow
158,Lake Kimberlyburgh,00888,8052 Mullins Stream
113,Gabrielleport,26854,609 Amber Heights
132,Michaelport,07552,907 Blake Locks
63,South Debra,44585,45152 Michael Brooks
10,New John,64119,37726 Mindy Divide
110,New Marialand,26741,6440 Rodriguez Lake Apt. 067
163,Port Steven,48791,81633 Beth Fields Apt. 875
150,Hicksport,08991,3831 Adam Pike Apt. 274
40,Martinezland,02214,88104 Rebekah Manors Suite 090
33,East Jaime,20441,08467 Mcclure Fall
183,Batesbury,35029,436 Carolyn Wells
189,West Robertland,20062,40176 Williams Burgs Suite 395
86,Benjaminberg,48964,681 Heather Springs
200,South Penny,74311,929 Moore Union Suite 540
126,Mooreside,55782,52845 Mendez Ways Apt. 579
150,Lake Lindsaymouth,53268,6420 Evans Parkway Apt. 969
114,Catherinechester,40150,6944 Hannah Row Apt. 475
112,Lake John,45021,74043 Williams Port Apt. 701
134,Lake Diamond,65584,597 Christopher Parks Apt. 426
153,Lunaland,30780,2578 Simpson Union Apt. 343
98,Bethanymouth,58501,19285 Perez Glen
140,Michaelland,83163,95002 David Coves Apt. 098
25,Sarahbury,17955,25563 Adams Way
56,West Krystalhaven,88052,06078 James Throughway
155,Rogersbury,37432,339 Martin Flat Apt. 814
48,Nicholasbury,85886,105 Chen Center Apt. 074
69,Gregorychester,44151,393 Kimberly Land
130,North Hunter,48015,51856 Mcgrath Spur
105,Victoriamouth,66901,43037 Michelle Common
26,Port Christopherside,36582,60914 Adams Shores Suite 303
80,Larryhaven,70252,2137 Ferguson Fords Apt. 546
104,Stephaniefort,13519,31445 Morrow Burgs Suite 794
152,New Kenneth,12777,89860 Ariel Gateway Suite 936
147,West Mark,27307,339 Daniel Bypass Suite 530
38,Wolfestad,71364,0901 Lee Cliff
21,West Michaelfort,81930,4381 Melissa Port Apt. 291
104,Garciatown,60941,33905 Sutton Locks
42,New Daniel,59159,5469 Anthony Land Suite 201
105,Glennhaven,56659,325 Carrie Springs
155,Yangmouth,98290,13710 Jackson Springs
45,Lake Heatherchester,18238,49273 Sherry Rapid
160,North Glen,99405,19095 Kaylee Village
97,Jensenside,69058,3473 Wheeler Drives
106,Boydshire,10136,907 Aaron Parkways
87,North Donaldport,85687,48100 Davis Summit
22,Chelseyland,52463,98588 Powell Keys
12,Lisatown,82036,657 Rhodes Cove Suite 615
90,East Brucechester,38937,1078 Hobbs Pine Suite 200
38,East Jason,88055,187 Joshua Row
5,West Gordon,79363,617 Cole Trafficway
68,Lake Sheriport,76587,98678 Vaughan Roads Apt. 897
32,Karenton,16197,1459 Jamie Lodge
126,Hensonview,17205,9405 Kelly Spur
137,Caitlinmouth,46900,800 Jones Locks Apt. 893
189,Thomastown,49103,54599 Yesenia Brook
147,Baileytown,02045,81543 Smith Mews
153,Nicholasburgh,73489,93153 Jeremy Circles Apt. 272
104,New Tammy,54394,94166 Michelle Path Suite 461
108,Gallegosfort,80067,5125 Reyes Freeway Suite 624
174,Catherinechester,58340,72880 David Meadows
154,Theresaside,16145,09125 Fields Point Apt. 211
195,Hartmanville,30065,444 Anthony Flat
73,New Amberberg,38768,9960 Harper Mews Suite 768
123,New Angela,13063,49642 Vincent Causeway Apt. 592
55,Omarport,60601,7738 Alicia Heights
173,New Nichole,75194,2515 John Neck Suite 056
35,Riversfurt,60566,71795 Morgan Place Apt. 331
125,Davidberg,20163,03310 Sarah Ford Apt. 699
43,Daleview,20140,68560 Gould Motorway Apt. 315
194,Lake Brandi,66489,27368 Ford Viaduct
63,Gallegosburgh,71380,108 Crosby Streets Suite 647
10,Lake Jessica,50703,602 Romero Forest
28,Ramseychester,08151,432 Brady Summit
57,Snydershire,31031,5718 Daniel Vista Apt. 623
64,Elizabethville,02958,35763 Allison Ridges
137,Timothyville,02348,970 Erickson Manors Apt. 344
40,East Cynthiamouth,36446,207 Olson Ridges
74,Blackburnshire,56039,3434 David Station Suite 010
126,West Ginastad,36266,7569 Jones Ports Suite 215
112,Hicksland,74938,28333 Todd Falls
13,South Shawnport,23444,305 Corey Wall Apt. 251
177,Lake Mirandafurt,36669,149 Gerald Hills Apt. 345
200,South Shannon,07905,905 Bass Square Suite 618
182,Patriciafurt,41175,2206 Jennifer Ways Suite 471
13,Georgeshire,25227,2844 Pratt Crossing
117,South Johnfurt,31232,774 Gutierrez Ville
22,Clarkfurt,30353,698 Luna Islands
110,Christopherhaven,26532,1785 Jeffrey Summit
70,Jordanfurt,21308,75609 Robert Shoals
36,Jasontown,89649,6919 Arias Freeway Suite 890
32,New Adrian,69122,16688 Daniels Tunnel Apt. 534
73,Carlburgh,74645,123 Sarah Field
114,North Sara,41027,9739 Kevin Stream
6,Freemanview,86960,195 Richard Harbor
18,Thompsonport,81766,8668 Frederick Glen
13,Mayfurt,10477,5600 Rodriguez Orchard
138,Nealland,03695,1353 Michelle Locks Apt. 490
7,West Jasmineberg,25520,56055 Christopher Fords Suite 381
79,Lauriehaven,33729,639 James Curve Apt. 887
129,New Andrew,25896,34631 Delgado Green Apt. 930
35,Derekport,26354,29980 Julie Lodge Suite 836
6,Wendyville,32633,6946 Melissa Viaduct
136,West Jessica,81150,10884 Walton Pike
91,South Tyler,95241,95901 Rivas Crossroad Apt. 979
150,Smithmouth,14032,6156 Espinoza Freeway
75,Port Theresa,85039,048 Jennifer Summit
42,Doylemouth,33045,75523 Singh Underpass
73,West Andrew,35014,84133 Peggy Meadows Suite 630
