person_id,first_name,last_name,email,birth_date,passcode
1,Michael,James,hadams@example.net,2006-11-10,M44UYzFD*U
2,Samantha,Weiss,fyates@example.org,1990-10-19,(J)BX0No$1
3,Theresa,Alvarado,davidsonchristopher@example.org,1976-02-16,^5EVlPjmJ6
4,Heather,Johnson,mullinsjeffrey@example.org,1972-04-18,$L9UNxNw0^
5,Harry,Norton,mezarose@example.com,1983-02-02,zP$B9DZlRN
6,Mark,Atkins,ccarter@example.com,1989-10-02,*#!#X7j2M3
7,Betty,Bailey,zchapman@example.org,1976-09-16,@es6SfRk+*
8,Amanda,Haynes,hhowell@example.org,1977-12-10,$c_NBdilv1
9,Brooke,Bryant,dwashington@example.net,2001-06-20,3ocAQ_sl@G
10,Adrienne,Gonzales,rickhale@example.com,1961-07-13,@i@js8Svl)
11,Lisa,Clarke,ricky94@example.com,1988-03-02,##2IuaDiOv
12,Robyn,Townsend,alexandra05@example.net,2000-04-02,%al22Xuyj3
13,Allison,Pearson,cherrera@example.org,1997-06-16,M7GIQeUu(j
14,Jesse,Henderson,karen25@example.org,1997-09-14,cTu!a3AdVl
15,Catherine,Cisneros,lauren61@example.net,2006-05-21,)N_825EjH_
16,Michael,Hall,pamelareid@example.net,1977-07-08,bK8D9ErOE)
17,Steve,Thompson,nicholas58@example.net,1978-03-18,X5TClZ$C$n
18,George,Gonzales,rmayo@example.com,1972-08-03,8)3GgA)N+3
19,Christina,Klein,qmason@example.net,1976-01-28,%k2xs+AcB7
20,David,Decker,schmidtjohn@example.org,1977-03-31,v44TcuRF*t
21,Tracy,Meyer,fergusonrebecca@example.org,2005-04-22,0OEH^NjT)s
22,Laura,Rose,bmccullough@example.com,1988-11-23,%3J^c$9xdn
23,Gary,Kelley,dennisburch@example.net,2002-02-03,^8Mdhah9h3
24,Robert,Nguyen,kelly97@example.com,1986-03-15,s(8Tv%Buar
25,Yesenia,Maxwell,rchaney@example.com,1980-01-04,Yz5KspXb^O
26,Dennis,Fleming,mmccarthy@example.net,1984-06-20,2d7ECzcQK+
27,George,Hall,jennifersims@example.net,1994-01-31,pMzFcuxk*2
28,Ruth,Gardner,christian28@example.com,1986-08-02,LQ6YTTbb!)
29,Mary,Herrera,christophercurtis@example.net,1963-03-26,0#4y!C!iFz
30,Natalie,Graham,vlarson@example.org,2006-04-18,&*5Ir6il!&
31,Nicole,Hubbard,zshelton@example.com,1977-07-31,Kc1nBFt$@B
32,Cindy,Zhang,lindagutierrez@example.org,1959-04-22,*4*Lc%)ufy
33,Jasmine,Smith,joycegabrielle@example.net,1976-09-25,x@5^GEf_1O
34,Thomas,Williams,dfischer@example.org,1994-04-07,SYpCJOf*^0
35,John,Alvarez,bjimenez@example.net,1965-05-13,$CA5NQfo_9
36,Robert,Kim,mwiggins@example.net,1967-07-30,B0K15RRpW_
37,Carl,Hanson,courtney76@example.net,1964-11-17,_#iRt@DrK8
38,Dan,Caldwell,michaelgonzalez@example.com,1989-08-19,R66u3OLj%g
39,Nathan,Wagner,ryancampos@example.com,1987-10-14,Kv7mLcT93(
40,Sarah,Hill,arellanomelissa@example.net,1970-02-03,LW0c*T0wY!
41,Michael,Tate,maddendalton@example.com,2003-01-01,e$9NujmYry
42,Betty,Haley,hmartinez@example.net,1971-11-27,ZB8sV0ce*s
43,Christy,Smith,aprilhall@example.net,1986-09-16,eM80NXZu)S
44,Patricia,Austin,mark74@example.net,1988-06-24,Uf#RgOSw(0
45,Brittany,Romero,trobinson@example.net,1959-05-17,xv*oFNKX$8
46,Amber,Mcclure,seanwilson@example.com,1965-06-10,GuufSguW*6
47,Samantha,Mann,oprice@example.org,1962-11-09,14PlFNq4%8
48,Heather,Merritt,ashley80@example.com,1961-03-08,IO5zKYu+!K
49,David,Jacobs,amy98@example.net,1976-10-19,Aq8@0I^6G$
50,Debra,Robertson,johnathangreene@example.com,1962-07-14,TrB$Lirb)6
51,Kyle,Green,kellycorey@example.com,1993-06-17,!4A&nVDhTO
52,Tiffany,Stewart,brownsean@example.org,1994-09-27,)yL9NCh0@^
53,Shawn,Alexander,fholt@example.com,2003-10-04,7q4Ole2U6@
54,Robert,Rose,jeffrey35@example.org,1963-11-24,y1EpPloQ_5
55,David,Lawson,michael60@example.com,1982-11-10,_7jMId1w$m
56,Mary,Robertson,whoffman@example.net,1998-08-18,99WZ3zlK+5
57,Timothy,Smith,williamgibson@example.org,1960-06-03,30UklA^U#(
58,Kyle,Nelson,rowetyler@example.com,1962-07-11,%!*5nxpf4Q
59,Kayla,Martin,carol13@example.com,1964-10-03,(2HL1e1upC
60,Susan,Miranda,susan56@example.com,1966-04-27,0hZ8DH%h_Q
61,Christopher,Green,herreralisa@example.org,1975-07-14,@nFAK#d0%4
62,Jose,Sullivan,steinjennifer@example.org,2002-07-09,T6VSItr&(s
63,Natalie,Price,kimberly99@example.com,2002-01-11,CjVmQ+$^$6
64,Stephanie,Stephenson,bateskendra@example.org,2005-11-22,A9&5r*Eg0@
65,Mary,Thomas,sbond@example.org,1990-12-19,^2R9Htkv!b
66,Michele,Marshall,matthew28@example.org,1975-05-09,$26JTMSv4Z
67,Casey,Oneal,janicerodriguez@example.net,1962-10-23,7T$@0QljBP
68,Carolyn,Armstrong,jeffreybrown@example.org,1980-10-16,5^3@EVfvwh
69,Christina,Perkins,melindalee@example.net,2004-04-12,2l5RLc6*#v
70,Kelsey,Blevins,jamesnelson@example.org,1976-09-22,+hWmS7qSr0
71,Madeline,Hansen,emurphy@example.com,1979-12-04,V5W6lBjm&*
72,Debra,Dalton,rowenicole@example.org,1996-01-04,Dq1@g&BJ+@
73,Charlene,Suarez,aaronsmith@example.org,1978-01-14,y(1R2+PYpp
74,Stephanie,Cook,colejose@example.org,1965-11-24,#6wO&YrkRj
75,Christina,Juarez,john73@example.net,1962-01-05,SNA%3ZhkI^
76,Jessica,Wright,krivera@example.org,1975-03-23,00jTlWsd_p
77,Amy,Owens,tiffanydawson@example.net,2001-10-12,$9y*Q0sL_3
78,Jennifer,Romero,bgomez@example.net,1959-11-03,h_0J$%Osbx
79,Michael,Myers,igates@example.net,1970-01-22,+_p7P&ze&0
80,Joshua,Wall,christopher40@example.org,1962-12-20,(3AtdZw#C0
81,Jamie,Mccormick,nicolemorris@example.org,1969-12-20,N&0IPoLFTt
82,Candice,Henderson,ashley04@example.com,1971-09-07,R8R+dio6#m
83,Lauren,Hammond,sean30@example.org,1998-08-14,*6CVcfJ*F8
84,Jeffrey,Hughes,lisa69@example.org,1975-02-14,R8hJHq+h+a
85,Jonathan,Hill,tiffanysmith@example.net,1960-03-26,v2XxP4Jq^p
86,Donna,Schwartz,longcharles@example.net,1981-05-22,+B9BBxhBXP
87,Katherine,Watson,speters@example.com,1989-05-16,P+7Cajp5_+
88,John,Mitchell,heather44@example.net,1981-08-05,_e9#ZxwIsz
89,Ricardo,Smith,jameshumphrey@example.org,1987-08-27,)VYRG+lT41
90,Kelly,Vaughan,rebeccabartlett@example.com,1990-12-06,D1IQdKz(+(
91,Shawn,Thomas,hubbardmark@example.org,1978-04-07,5eXkpiLg#a
92,John,Fields,sharon92@example.org,1972-11-24,&4OT_ojjou
93,David,Taylor,kmurphy@example.net,1997-10-13,Zbm3BmNsF$
94,Christopher,Perez,melissa91@example.org,1960-08-12,7MT4gCOcu$
95,Patricia,Ortiz,zhughes@example.net,1999-04-18,x4+TeYv5$w
96,Brian,Rowe,jacksonjames@example.net,1966-06-01,$)q4NlJnzB
97,Amy,Rodriguez,anthony71@example.org,1979-06-15,y96f$YyM%_
98,Julie,Ortiz,dmckinney@example.com,1970-12-15,A3l)D7QoNm
99,Valerie,Adams,pmunoz@example.org,1979-08-20,I^0LI2w1!@
100,Amanda,Knox,stevenlarson@example.com,1978-03-30,d2Vlk6wu_w
101,Dale,Sanchez,ngarcia@example.com,1963-10-01,+1UcnpZ9$9
102,Paul,Reynolds,kelly18@example.net,1990-08-01,o@e1BCSeT4
103,Michael,Patrick,cameronbanks@example.net,1967-12-27,6VmKjXqI(4
104,Matthew,Reyes,lindamartin@example.org,1988-11-08,aD15EdOPz_
105,Aaron,Rodriguez,vscott@example.net,1988-08-15,T%I*K0Vrv6
106,Megan,Reyes,powellgary@example.net,1975-02-13,!8jDiXgqOn
107,Lori,Velazquez,timothysimon@example.com,1980-11-16,@zTNYWvTF1
108,Paige,Rojas,shortsydney@example.com,1982-01-22,nzBETyrG+7
109,Deborah,Murphy,xramirez@example.net,2005-11-08,P^1ENqoF#L
110,Deborah,Wilson,kristenfoster@example.org,1980-08-31,#0MKK!sZA2
111,Linda,Ward,mcdonaldtiffany@example.com,1972-12-22,w7hgXBL8$a
112,Joseph,Buchanan,michelleyoder@example.org,1994-08-01,#7N&rR!z)s
113,Megan,Lutz,harmonkyle@example.net,1990-10-05,&0wXtF#nvy
114,Paul,Kent,hunteralec@example.com,1977-05-04,Q!&%f3Hs6e
115,Donald,Smith,alexisshannon@example.net,1972-03-17,Pso19DXaY%
116,Lisa,Johnson,andreahaynes@example.net,1996-06-21,gok5BnLb)9
117,Dawn,Powell,kevinbowen@example.org,1967-03-16,zv%kR4Si&p
118,Benjamin,Brown,morgantiffany@example.com,1989-03-21,7(D39NP!Ce
119,Douglas,Grimes,robertriddle@example.net,1990-06-04,M$lt8FauGI
120,Dwayne,Thompson,johnsonkelly@example.org,1992-10-27,vF53PV1u@+
121,James,Wilson,lori03@example.org,2005-05-26,IP&z4UCkpq
122,Breanna,Eaton,maddoxmarcus@example.org,2006-07-10,AiN8+TCNw^
123,Stephanie,Browning,jefferypierce@example.org,1968-07-19,bO*2E7jfdz
124,John,Lewis,troy85@example.net,1970-11-06,44495YeM@l
125,Jesse,Collins,lauraellison@example.net,1993-12-29,1@7GYmaR7U
126,Daniel,York,browntara@example.com,1966-01-21,301KSqa4#y
127,Scott,Gaines,feliciamelendez@example.org,2006-04-24,_FkyK1Rgq0
128,Shannon,White,wardchristopher@example.org,1985-10-17,eiB5Am3Yb)
129,Devin,Anderson,teresa70@example.org,1968-01-09,FG9D2)pt_0
130,Dale,Hill,zcook@example.net,1962-08-18,*2ntAivs)h
131,Christian,Harper,brooksmanuel@example.org,1997-10-06,_M1XhlSSm5
132,Jennifer,Blackburn,leah75@example.net,1963-11-17,#Y6@ZAyum9
133,Daniel,Young,rross@example.com,1973-06-24,5#UhLN2w*o
134,John,Robinson,jasonmartin@example.org,1999-07-11,%TL4Hj#Cu1
135,John,Martinez,kingcollin@example.org,2002-09-21,W%9TGRd3d)
136,Jerry,Holt,wmartinez@example.org,1966-01-17,4XC7I29d$G
137,Kimberly,Lamb,zallen@example.net,1994-08-07,#s57eMwc(O
138,Matthew,Steele,anncurtis@example.net,1997-02-26,@ONFIO0c(6
139,Maria,Davis,cruztamara@example.com,1978-03-06,nm5gFizb%E
140,Jennifer,Young,evan43@example.net,1985-12-12,T03Fdtnp+Q
141,Hannah,Pace,normanmary@example.org,1974-01-25,lXMfs!vv*6
142,Wesley,Lloyd,maureen74@example.net,1978-01-20,($Nv1Laf3X
143,Joanna,Castillo,alicewelch@example.com,2000-11-29,@9J%QGpQE9
144,Deanna,Miller,oconnellzachary@example.com,2000-04-12,&Km0OQqm*2
145,Leah,Hubbard,ocarroll@example.com,1967-09-23,(JgBOP@a2M
146,Richard,Wilcox,kimberlydunn@example.net,1968-01-29,^#9FL1qVWN
147,Brandon,Pena,parkerstephen@example.com,1991-03-03,66wu%NP+%s
148,Megan,Mendoza,sydneyjohnson@example.com,1990-03-04,0AWzblmt%Y
149,Michael,Barron,qfoley@example.org,1966-12-24,3$7e)Jksp*
150,Andrew,Mccormick,mdavis@example.net,1990-03-10,$7K#X%ag_u
151,Megan,Vaughan,robinmccarty@example.net,1986-04-07,+6rPBC$Ody
152,Alexa,Underwood,jason67@example.net,1986-03-04,7Om8TkPcy(
153,Edward,Crane,bjuarez@example.net,2003-01-01,#DaXl1Ta(r
154,Garrett,Weiss,hayleymartinez@example.com,1967-01-13,#dQ5vmQf_n
155,Martin,Tyler,kristinpowell@example.org,1964-08-04,&tf91YirN5
156,Scott,Davis,douglas57@example.com,1975-05-16,8nUzmc+J(w
157,Michael,Bridges,jasongrimes@example.net,1973-12-05,^7+F)0Ot+&
158,Andre,Stein,thomasdoris@example.org,1987-01-19,^KRUlsoU9_
159,Donald,Miller,vazquezdave@example.net,2002-10-13,$4*rCCRv3@
160,Jordan,Jensen,vanessa61@example.net,1989-12-11,D!e5Kgu1P(
161,Brittney,Miller,brandon21@example.net,1979-10-05,um0BuXq+T)
162,John,Lopez,gonzalezeric@example.com,2004-10-17,I$7hP7M)qg
163,Angela,Gilbert,nrogers@example.org,1966-03-01,z9AAL5Rp#W
164,Julie,Roman,phillipmontgomery@example.net,1992-08-13,(2Vq^f!c15
165,Joshua,Rowe,kennethortega@example.org,1989-09-22,I&)B8BckxX
166,Sandra,Franco,georgehanson@example.net,2003-07-30,*w8S!NxrK3
167,Joseph,Lowe,hkeller@example.org,1998-11-21,wW*22^FrSJ
168,David,Smith,svelez@example.org,1994-12-22,a0KI@Uj6(Z
169,Sharon,Cole,cgonzalez@example.com,1984-07-30,2F1zRLr8%S
170,Lucas,Cole,hannahhamilton@example.com,2005-08-14,*3PKodanL#
171,Kimberly,Miranda,ecantu@example.com,1979-06-25,n(ev6ULkRz
172,Matthew,Smith,dana86@example.org,1983-01-24,Ekjg4XtJy^
173,Thomas,Howard,dixonjames@example.org,2001-01-17,H(3TBv!!*5
174,Brittany,Green,joel00@example.com,1978-07-24,%3YuztonZ1
175,Nicholas,Parker,karencarpenter@example.org,1968-04-11,#8Bi7)iUjo
176,Shelly,Martin,turneradam@example.net,1991-04-30,!(45sZzQxC
177,Samuel,Aguirre,virginia78@example.net,1966-04-11,!Ci553FzqG
178,Alan,Barnes,ashley16@example.com,1985-11-12,Mt3#ZYx53+
179,Felicia,Burke,justin32@example.org,1984-06-29,7_f0tUky*x
180,Robert,Hogan,baileymatthew@example.net,1973-12-15,(2JtA6bq!b
181,Louis,White,rodriguezkristina@example.net,2001-06-07,Uo@B9hzi!4
182,Vickie,Gallagher,josephknox@example.net,1978-08-06,$4pXEu%4+4
183,Kathleen,Weaver,brian99@example.com,1966-06-15,(24EkErfZT
184,Charles,Bishop,laurie38@example.com,1963-03-29,!9ZxwlktfR
185,Dylan,Morris,lisa05@example.net,1975-08-01,)(_M0oPdO7
186,Sara,Howell,gatesjeffrey@example.net,1982-08-16,eN6DvCQv_5
187,Brandon,Mullen,christine29@example.com,2001-08-25,^eq4jW4qhX
188,Veronica,Snyder,eric88@example.org,1965-08-28,s@x2Xr0Q(g
189,Evan,Jackson,zwilson@example.com,1998-03-28,w63d7Fy0$a
190,Jennifer,Willis,schmidtallison@example.net,1992-09-19,^L)n7RZt1t
191,Brittany,Hernandez,graceramos@example.net,1963-08-03,6J3vayWvN%
192,Susan,Vang,kimberly98@example.com,1994-07-23,_s^9SQPtS%
193,Barbara,Hernandez,amanda94@example.com,2000-08-12,&8CGAMeO#E
194,Rebecca,Perez,dphillips@example.com,1969-03-24,IfVd5BRb&a
195,Lynn,Decker,wharris@example.org,1998-06-25,HPB5Unld$0
196,Benjamin,Kim,robertsleslie@example.org,1969-03-26,!Th4OJxyq!
197,Stephen,Brown,olynch@example.org,1965-11-16,)b3mInx8q2
198,Zachary,Nguyen,tsmith@example.org,1972-08-06,erl53Rn((^
199,Linda,Brooks,amanda19@example.com,2004-12-18,dIgG%OKc&9
200,Ashley,Rodriguez,lucas90@example.com,1965-02-25,Ez4NxEy5$0
