supplier_name,contact_name,contact_email,contact_phone
Olson PLC,Mrs. Leslie Hernandez MD,reeselaura@example.com,001-278-768-5538
Watson-Bell,Sabrina Smith,jcarter@example.net,626.667.5027x75204
Zimmerman and Sons,Donna Summers,deborah18@example.com,+1-491-690-6547x671
"Walker, Nichols and Stephenson",Joshua Woods,baxterpeter@example.net,001-912-591-6915
Eaton-Sandoval,Richard Taylor,williamsronald@example.net,622-538-3290x4350
Campbell-Richardson,Larry Arias,henrysharon@example.net,001-995-620-0370x001
Phillips-Maxwell,Larry Green,stevenwilliams@example.org,832-619-8448x4932
Gillespie-Bullock,Kevin Anderson,mwilson@example.com,001-957-237-2975
Payne-Jones,Nathaniel Beltran,lburgess@example.net,(435)838-6221x142
Ochoa-Conner,Troy Sullivan,christinawyatt@example.org,302.424.2305x1368
